-,ChatGPT,Grok,Gemini,Claude,AIRVIC
FP rate,0.5519538403748929,0.5670124738545791,0.1283025951447004,0.590209676525466,0.9090909090909091
FN rate,0.3506437389770723,0.3565961199294532,0.8467813051146383,0.32749559082892415,0.0
TP rate,0.6493562610229276,0.6434038800705467,0.15321869488536155,0.6725044091710758,1.0
TN rate,0.448046159625107,0.43298752614542096,0.8716974048552997,0.4097903234745341,0.09090909090909091